id,tokens,ner_tags,text,tokens_tags,ner_text,prompts
4191,['Zimbabwe' 'fires' 'striking' 'civil' 'servants' '.'],"['B-Location', 'O', 'O', 'O', 'O', 'O']",Zimbabwe fires striking civil servants .,"['Zimbabwe(B-Location)', 'fires(O)', 'striking(O)', 'civil(O)', 'servants(O)', '.(O)']",Zimbabwe(B-Location) fires(O) striking(O) civil(O) servants(O) .(O),"Input: Zimbabwe fires striking civil servants .
Output: Zimbabwe(B-Location) fires(O) striking(O) civil(O) servants(O) .(O)"
10188,['Portsmouth' '3' '1' '0' '2' '3' '5' '3'],"['B-Organization', 'O', 'O', 'O', 'O', 'O', 'O', 'O']",Portsmouth 3 1 0 2 3 5 3,"['Portsmouth(B-Organization)', '3(O)', '1(O)', '0(O)', '2(O)', '3(O)', '5(O)', '3(O)']",Portsmouth(B-Organization) 3(O) 1(O) 0(O) 2(O) 3(O) 5(O) 3(O),"Input: Portsmouth 3 1 0 2 3 5 3
Output: Portsmouth(B-Organization) 3(O) 1(O) 0(O) 2(O) 3(O) 5(O) 3(O)"
9370,"['At' 'least' 'three' 'people' 'were' 'injured' 'when' 'an' 'Amtrak'
 'passenger' 'train' 'slammed' 'into' 'an' 'empty' 'logging' 'truck' 'and'
 'derailed' 'Tuesday' ',' 'officials' 'said' '.']","['O', 'O', 'O', 'O', 'O', 'O', 'O', 'O', 'B-Organization', 'O', 'O', 'O', 'O', 'O', 'O', 'O', 'O', 'O', 'O', 'O', 'O', 'O', 'O', 'O']","At least three people were injured when an Amtrak passenger train slammed into an empty logging truck and derailed Tuesday , officials said .","['At(O)', 'least(O)', 'three(O)', 'people(O)', 'were(O)', 'injured(O)', 'when(O)', 'an(O)', 'Amtrak(B-Organization)', 'passenger(O)', 'train(O)', 'slammed(O)', 'into(O)', 'an(O)', 'empty(O)', 'logging(O)', 'truck(O)', 'and(O)', 'derailed(O)', 'Tuesday(O)', ',(O)', 'officials(O)', 'said(O)', '.(O)']","At(O) least(O) three(O) people(O) were(O) injured(O) when(O) an(O) Amtrak(B-Organization) passenger(O) train(O) slammed(O) into(O) an(O) empty(O) logging(O) truck(O) and(O) derailed(O) Tuesday(O) ,(O) officials(O) said(O) .(O)","Input: At least three people were injured when an Amtrak passenger train slammed into an empty logging truck and derailed Tuesday , officials said .
Output: At(O) least(O) three(O) people(O) were(O) injured(O) when(O) an(O) Amtrak(B-Organization) passenger(O) train(O) slammed(O) into(O) an(O) empty(O) logging(O) truck(O) and(O) derailed(O) Tuesday(O) ,(O) officials(O) said(O) .(O)"
5786,"['The' 'right-handed' 'batsman' 'will' 'have' 'to' 'forfeit' 'half' 'the'
 'money' 'he' 'was' 'due' 'to' 'earn' 'from' 'the' 'tour' ',' 'the' 'news'
 'agency' 'said' 'after' 'a' 'disciplinary' 'committee' 'set' 'up' 'by'
 'the' 'Board' 'of' 'Control' 'for' 'Cricket' 'in' 'India' 'met' 'at'
 'Mohali' ',' 'near' 'the' 'northern' 'city' 'of' 'Chandigarh' '.']","['O', 'O', 'O', 'O', 'O', 'O', 'O', 'O', 'O', 'O', 'O', 'O', 'O', 'O', 'O', 'O', 'O', 'O', 'O', 'O', 'O', 'O', 'O', 'O', 'O', 'O', 'O', 'O', 'O', 'O', 'O', 'B-Organization', 'I-Organization', 'I-Organization', 'I-Organization', 'I-Organization', 'I-Organization', 'I-Organization', 'O', 'O', 'B-Location', 'O', 'O', 'O', 'O', 'O', 'O', 'B-Location', 'O']","The right-handed batsman will have to forfeit half the money he was due to earn from the tour , the news agency said after a disciplinary committee set up by the Board of Control for Cricket in India met at Mohali , near the northern city of Chandigarh .","['The(O)', 'right-handed(O)', 'batsman(O)', 'will(O)', 'have(O)', 'to(O)', 'forfeit(O)', 'half(O)', 'the(O)', 'money(O)', 'he(O)', 'was(O)', 'due(O)', 'to(O)', 'earn(O)', 'from(O)', 'the(O)', 'tour(O)', ',(O)', 'the(O)', 'news(O)', 'agency(O)', 'said(O)', 'after(O)', 'a(O)', 'disciplinary(O)', 'committee(O)', 'set(O)', 'up(O)', 'by(O)', 'the(O)', 'Board(B-Organization)', 'of(I-Organization)', 'Control(I-Organization)', 'for(I-Organization)', 'Cricket(I-Organization)', 'in(I-Organization)', 'India(I-Organization)', 'met(O)', 'at(O)', 'Mohali(B-Location)', ',(O)', 'near(O)', 'the(O)', 'northern(O)', 'city(O)', 'of(O)', 'Chandigarh(B-Location)', '.(O)']","The(O) right-handed(O) batsman(O) will(O) have(O) to(O) forfeit(O) half(O) the(O) money(O) he(O) was(O) due(O) to(O) earn(O) from(O) the(O) tour(O) ,(O) the(O) news(O) agency(O) said(O) after(O) a(O) disciplinary(O) committee(O) set(O) up(O) by(O) the(O) Board(B-Organization) of(I-Organization) Control(I-Organization) for(I-Organization) Cricket(I-Organization) in(I-Organization) India(I-Organization) met(O) at(O) Mohali(B-Location) ,(O) near(O) the(O) northern(O) city(O) of(O) Chandigarh(B-Location) .(O)","Input: The right-handed batsman will have to forfeit half the money he was due to earn from the tour , the news agency said after a disciplinary committee set up by the Board of Control for Cricket in India met at Mohali , near the northern city of Chandigarh .
Output: The(O) right-handed(O) batsman(O) will(O) have(O) to(O) forfeit(O) half(O) the(O) money(O) he(O) was(O) due(O) to(O) earn(O) from(O) the(O) tour(O) ,(O) the(O) news(O) agency(O) said(O) after(O) a(O) disciplinary(O) committee(O) set(O) up(O) by(O) the(O) Board(B-Organization) of(I-Organization) Control(I-Organization) for(I-Organization) Cricket(I-Organization) in(I-Organization) India(I-Organization) met(O) at(O) Mohali(B-Location) ,(O) near(O) the(O) northern(O) city(O) of(O) Chandigarh(B-Location) .(O)"
9287,['Revenue'],['O'],Revenue,['Revenue(O)'],Revenue(O),"Input: Revenue
Output: Revenue(O)"
2723,['No' 'replacements' 'had' 'been' 'named' '.'],"['O', 'O', 'O', 'O', 'O', 'O']",No replacements had been named .,"['No(O)', 'replacements(O)', 'had(O)', 'been(O)', 'named(O)', '.(O)']",No(O) replacements(O) had(O) been(O) named(O) .(O),"Input: No replacements had been named .
Output: No(O) replacements(O) had(O) been(O) named(O) .(O)"
1439,"['On' 'August' '15' ',' 'Kevorkian' 'helped' 'Judith' 'Curren' ',' 'a'
 '42-year-old' 'Massachusetts' 'nurse' ',' 'who' 'suffered' 'from'
 'chronic' 'fatigue' 'syndrome' ',' 'a' 'non-terminal' 'illness' ',' 'to'
 'end' 'her' 'life' '.']","['O', 'O', 'O', 'O', 'B-Person', 'O', 'B-Person', 'I-Person', 'O', 'O', 'O', 'B-Location', 'O', 'O', 'O', 'O', 'O', 'O', 'O', 'O', 'O', 'O', 'O', 'O', 'O', 'O', 'O', 'O', 'O', 'O']","On August 15 , Kevorkian helped Judith Curren , a 42-year-old Massachusetts nurse , who suffered from chronic fatigue syndrome , a non-terminal illness , to end her life .","['On(O)', 'August(O)', '15(O)', ',(O)', 'Kevorkian(B-Person)', 'helped(O)', 'Judith(B-Person)', 'Curren(I-Person)', ',(O)', 'a(O)', '42-year-old(O)', 'Massachusetts(B-Location)', 'nurse(O)', ',(O)', 'who(O)', 'suffered(O)', 'from(O)', 'chronic(O)', 'fatigue(O)', 'syndrome(O)', ',(O)', 'a(O)', 'non-terminal(O)', 'illness(O)', ',(O)', 'to(O)', 'end(O)', 'her(O)', 'life(O)', '.(O)']","On(O) August(O) 15(O) ,(O) Kevorkian(B-Person) helped(O) Judith(B-Person) Curren(I-Person) ,(O) a(O) 42-year-old(O) Massachusetts(B-Location) nurse(O) ,(O) who(O) suffered(O) from(O) chronic(O) fatigue(O) syndrome(O) ,(O) a(O) non-terminal(O) illness(O) ,(O) to(O) end(O) her(O) life(O) .(O)","Input: On August 15 , Kevorkian helped Judith Curren , a 42-year-old Massachusetts nurse , who suffered from chronic fatigue syndrome , a non-terminal illness , to end her life .
Output: On(O) August(O) 15(O) ,(O) Kevorkian(B-Person) helped(O) Judith(B-Person) Curren(I-Person) ,(O) a(O) 42-year-old(O) Massachusetts(B-Location) nurse(O) ,(O) who(O) suffered(O) from(O) chronic(O) fatigue(O) syndrome(O) ,(O) a(O) non-terminal(O) illness(O) ,(O) to(O) end(O) her(O) life(O) .(O)"
11627,['VW' 'sees' 'group' 'net' 'profit' 'doubling' 'in' 'Q3' '.'],"['B-Organization', 'O', 'O', 'O', 'O', 'O', 'O', 'O', 'O']",VW sees group net profit doubling in Q3 .,"['VW(B-Organization)', 'sees(O)', 'group(O)', 'net(O)', 'profit(O)', 'doubling(O)', 'in(O)', 'Q3(O)', '.(O)']",VW(B-Organization) sees(O) group(O) net(O) profit(O) doubling(O) in(O) Q3(O) .(O),"Input: VW sees group net profit doubling in Q3 .
Output: VW(B-Organization) sees(O) group(O) net(O) profit(O) doubling(O) in(O) Q3(O) .(O)"
9715,"['Mr.' 'President' 'you' 'deserve' 'our' 'thanks' '.' '""']","['O', 'O', 'O', 'O', 'O', 'O', 'O', 'O']","Mr. President you deserve our thanks . ""","['Mr.(O)', 'President(O)', 'you(O)', 'deserve(O)', 'our(O)', 'thanks(O)', '.(O)', '""(O)']","Mr.(O) President(O) you(O) deserve(O) our(O) thanks(O) .(O) ""(O)","Input: Mr. President you deserve our thanks . ""
Output: Mr.(O) President(O) you(O) deserve(O) our(O) thanks(O) .(O) ""(O)"
10540,"['The' 'equaliser' 'came' 'in' 'the' '73rd' 'minute' 'when' 'Swedish'
 'international' 'Henke' 'Larsson' 'scored' 'from' 'close' 'range' 'and'
 '10' 'minutes' 'later' 'Jean-Paul' 'van' 'Gastel' 'gave' 'Feyenoord' 'a'
 '2-1' 'victory' 'from' 'the' 'penalty' 'spot' '.']","['O', 'O', 'O', 'O', 'O', 'O', 'O', 'O', 'B-Miscellaneous', 'O', 'B-Person', 'I-Person', 'O', 'O', 'O', 'O', 'O', 'O', 'O', 'O', 'B-Person', 'I-Person', 'I-Person', 'O', 'B-Organization', 'O', 'O', 'O', 'O', 'O', 'O', 'O', 'O']",The equaliser came in the 73rd minute when Swedish international Henke Larsson scored from close range and 10 minutes later Jean-Paul van Gastel gave Feyenoord a 2-1 victory from the penalty spot .,"['The(O)', 'equaliser(O)', 'came(O)', 'in(O)', 'the(O)', '73rd(O)', 'minute(O)', 'when(O)', 'Swedish(B-Miscellaneous)', 'international(O)', 'Henke(B-Person)', 'Larsson(I-Person)', 'scored(O)', 'from(O)', 'close(O)', 'range(O)', 'and(O)', '10(O)', 'minutes(O)', 'later(O)', 'Jean-Paul(B-Person)', 'van(I-Person)', 'Gastel(I-Person)', 'gave(O)', 'Feyenoord(B-Organization)', 'a(O)', '2-1(O)', 'victory(O)', 'from(O)', 'the(O)', 'penalty(O)', 'spot(O)', '.(O)']",The(O) equaliser(O) came(O) in(O) the(O) 73rd(O) minute(O) when(O) Swedish(B-Miscellaneous) international(O) Henke(B-Person) Larsson(I-Person) scored(O) from(O) close(O) range(O) and(O) 10(O) minutes(O) later(O) Jean-Paul(B-Person) van(I-Person) Gastel(I-Person) gave(O) Feyenoord(B-Organization) a(O) 2-1(O) victory(O) from(O) the(O) penalty(O) spot(O) .(O),"Input: The equaliser came in the 73rd minute when Swedish international Henke Larsson scored from close range and 10 minutes later Jean-Paul van Gastel gave Feyenoord a 2-1 victory from the penalty spot .
Output: The(O) equaliser(O) came(O) in(O) the(O) 73rd(O) minute(O) when(O) Swedish(B-Miscellaneous) international(O) Henke(B-Person) Larsson(I-Person) scored(O) from(O) close(O) range(O) and(O) 10(O) minutes(O) later(O) Jean-Paul(B-Person) van(I-Person) Gastel(I-Person) gave(O) Feyenoord(B-Organization) a(O) 2-1(O) victory(O) from(O) the(O) penalty(O) spot(O) .(O)"
8475,"['Natasha' 'Zvereva' '(' 'Belarus' ')' 'beat' 'Virginia' 'Ruano-Pascual'
 '(' 'Spain' ')' '6']","['B-Person', 'I-Person', 'O', 'B-Location', 'O', 'O', 'B-Person', 'I-Person', 'O', 'B-Location', 'O', 'O']",Natasha Zvereva ( Belarus ) beat Virginia Ruano-Pascual ( Spain ) 6,"['Natasha(B-Person)', 'Zvereva(I-Person)', '((O)', 'Belarus(B-Location)', ')(O)', 'beat(O)', 'Virginia(B-Person)', 'Ruano-Pascual(I-Person)', '((O)', 'Spain(B-Location)', ')(O)', '6(O)']",Natasha(B-Person) Zvereva(I-Person) ((O) Belarus(B-Location) )(O) beat(O) Virginia(B-Person) Ruano-Pascual(I-Person) ((O) Spain(B-Location) )(O) 6(O),"Input: Natasha Zvereva ( Belarus ) beat Virginia Ruano-Pascual ( Spain ) 6
Output: Natasha(B-Person) Zvereva(I-Person) ((O) Belarus(B-Location) )(O) beat(O) Virginia(B-Person) Ruano-Pascual(I-Person) ((O) Spain(B-Location) )(O) 6(O)"
6749,['Atlante' '1' 'Atlas' '1'],"['B-Organization', 'O', 'B-Organization', 'O']",Atlante 1 Atlas 1,"['Atlante(B-Organization)', '1(O)', 'Atlas(B-Organization)', '1(O)']",Atlante(B-Organization) 1(O) Atlas(B-Organization) 1(O),"Input: Atlante 1 Atlas 1
Output: Atlante(B-Organization) 1(O) Atlas(B-Organization) 1(O)"
4670,['3.' 'Susan' 'Smith' '(' 'Ireland' ')' '56.00'],"['O', 'B-Person', 'I-Person', 'O', 'B-Location', 'O', 'O']",3. Susan Smith ( Ireland ) 56.00,"['3.(O)', 'Susan(B-Person)', 'Smith(I-Person)', '((O)', 'Ireland(B-Location)', ')(O)', '56.00(O)']",3.(O) Susan(B-Person) Smith(I-Person) ((O) Ireland(B-Location) )(O) 56.00(O),"Input: 3. Susan Smith ( Ireland ) 56.00
Output: 3.(O) Susan(B-Person) Smith(I-Person) ((O) Ireland(B-Location) )(O) 56.00(O)"
11168,"['Her' 'attacker' ',' 'identified' 'only' 'as' 'Jerzy' 'L.' ',' '36' ','
 'was' 'arrested' 'by' 'police' 'and' 'will' 'appear' 'in' 'court' 'on'
 'Thursday' 'morning' ',' 'television' 'reported' '.']","['O', 'O', 'O', 'O', 'O', 'O', 'B-Person', 'I-Person', 'O', 'O', 'O', 'O', 'O', 'O', 'O', 'O', 'O', 'O', 'O', 'O', 'O', 'O', 'O', 'O', 'O', 'O', 'O']","Her attacker , identified only as Jerzy L. , 36 , was arrested by police and will appear in court on Thursday morning , television reported .","['Her(O)', 'attacker(O)', ',(O)', 'identified(O)', 'only(O)', 'as(O)', 'Jerzy(B-Person)', 'L.(I-Person)', ',(O)', '36(O)', ',(O)', 'was(O)', 'arrested(O)', 'by(O)', 'police(O)', 'and(O)', 'will(O)', 'appear(O)', 'in(O)', 'court(O)', 'on(O)', 'Thursday(O)', 'morning(O)', ',(O)', 'television(O)', 'reported(O)', '.(O)']","Her(O) attacker(O) ,(O) identified(O) only(O) as(O) Jerzy(B-Person) L.(I-Person) ,(O) 36(O) ,(O) was(O) arrested(O) by(O) police(O) and(O) will(O) appear(O) in(O) court(O) on(O) Thursday(O) morning(O) ,(O) television(O) reported(O) .(O)","Input: Her attacker , identified only as Jerzy L. , 36 , was arrested by police and will appear in court on Thursday morning , television reported .
Output: Her(O) attacker(O) ,(O) identified(O) only(O) as(O) Jerzy(B-Person) L.(I-Person) ,(O) 36(O) ,(O) was(O) arrested(O) by(O) police(O) and(O) will(O) appear(O) in(O) court(O) on(O) Thursday(O) morning(O) ,(O) television(O) reported(O) .(O)"
2322,['6.' 'Nicoleta' 'Grasu' '(' 'Romania' ')' '61.36'],"['O', 'B-Person', 'I-Person', 'O', 'B-Location', 'O', 'O']",6. Nicoleta Grasu ( Romania ) 61.36,"['6.(O)', 'Nicoleta(B-Person)', 'Grasu(I-Person)', '((O)', 'Romania(B-Location)', ')(O)', '61.36(O)']",6.(O) Nicoleta(B-Person) Grasu(I-Person) ((O) Romania(B-Location) )(O) 61.36(O),"Input: 6. Nicoleta Grasu ( Romania ) 61.36
Output: 6.(O) Nicoleta(B-Person) Grasu(I-Person) ((O) Romania(B-Location) )(O) 61.36(O)"
10320,['15-6' '15-2'],"['O', 'O']",15-6 15-2,"['15-6(O)', '15-2(O)']",15-6(O) 15-2(O),"Input: 15-6 15-2
Output: 15-6(O) 15-2(O)"
7399,"['Kidnappers' 'have' 'seized' 'a' 'Dutch' 'couple' 'who' 'manage' 'a'
 'farm' 'in' 'northern' 'Costa' 'Rica' 'and' 'have' 'demanded' 'a' '$'
 '1.5' 'million' 'ransom' ',' 'authorities' 'said' 'on' 'Monday' '.']","['O', 'O', 'O', 'O', 'B-Miscellaneous', 'O', 'O', 'O', 'O', 'O', 'O', 'O', 'B-Location', 'I-Location', 'O', 'O', 'O', 'O', 'O', 'O', 'O', 'O', 'O', 'O', 'O', 'O', 'O', 'O']","Kidnappers have seized a Dutch couple who manage a farm in northern Costa Rica and have demanded a $ 1.5 million ransom , authorities said on Monday .","['Kidnappers(O)', 'have(O)', 'seized(O)', 'a(O)', 'Dutch(B-Miscellaneous)', 'couple(O)', 'who(O)', 'manage(O)', 'a(O)', 'farm(O)', 'in(O)', 'northern(O)', 'Costa(B-Location)', 'Rica(I-Location)', 'and(O)', 'have(O)', 'demanded(O)', 'a(O)', '$(O)', '1.5(O)', 'million(O)', 'ransom(O)', ',(O)', 'authorities(O)', 'said(O)', 'on(O)', 'Monday(O)', '.(O)']","Kidnappers(O) have(O) seized(O) a(O) Dutch(B-Miscellaneous) couple(O) who(O) manage(O) a(O) farm(O) in(O) northern(O) Costa(B-Location) Rica(I-Location) and(O) have(O) demanded(O) a(O) $(O) 1.5(O) million(O) ransom(O) ,(O) authorities(O) said(O) on(O) Monday(O) .(O)","Input: Kidnappers have seized a Dutch couple who manage a farm in northern Costa Rica and have demanded a $ 1.5 million ransom , authorities said on Monday .
Output: Kidnappers(O) have(O) seized(O) a(O) Dutch(B-Miscellaneous) couple(O) who(O) manage(O) a(O) farm(O) in(O) northern(O) Costa(B-Location) Rica(I-Location) and(O) have(O) demanded(O) a(O) $(O) 1.5(O) million(O) ransom(O) ,(O) authorities(O) said(O) on(O) Monday(O) .(O)"
6202,"['This' 'year' ""'s"" 'harvest' 'is' 'down' 'from' 'last' 'year' ""'s"" '36.5'
 'million' 'tonne' 'harvest' ',' 'which' 'in' 'turn' 'compares' 'with'
 '50' 'million' 'tonnes' 'in' '1990' ',' 'the' 'year' 'before'
 'independence' '.']","['O', 'O', 'O', 'O', 'O', 'O', 'O', 'O', 'O', 'O', 'O', 'O', 'O', 'O', 'O', 'O', 'O', 'O', 'O', 'O', 'O', 'O', 'O', 'O', 'O', 'O', 'O', 'O', 'O', 'O', 'O']","This year 's harvest is down from last year 's 36.5 million tonne harvest , which in turn compares with 50 million tonnes in 1990 , the year before independence .","['This(O)', 'year(O)', ""'s(O)"", 'harvest(O)', 'is(O)', 'down(O)', 'from(O)', 'last(O)', 'year(O)', ""'s(O)"", '36.5(O)', 'million(O)', 'tonne(O)', 'harvest(O)', ',(O)', 'which(O)', 'in(O)', 'turn(O)', 'compares(O)', 'with(O)', '50(O)', 'million(O)', 'tonnes(O)', 'in(O)', '1990(O)', ',(O)', 'the(O)', 'year(O)', 'before(O)', 'independence(O)', '.(O)']","This(O) year(O) 's(O) harvest(O) is(O) down(O) from(O) last(O) year(O) 's(O) 36.5(O) million(O) tonne(O) harvest(O) ,(O) which(O) in(O) turn(O) compares(O) with(O) 50(O) million(O) tonnes(O) in(O) 1990(O) ,(O) the(O) year(O) before(O) independence(O) .(O)","Input: This year 's harvest is down from last year 's 36.5 million tonne harvest , which in turn compares with 50 million tonnes in 1990 , the year before independence .
Output: This(O) year(O) 's(O) harvest(O) is(O) down(O) from(O) last(O) year(O) 's(O) 36.5(O) million(O) tonne(O) harvest(O) ,(O) which(O) in(O) turn(O) compares(O) with(O) 50(O) million(O) tonnes(O) in(O) 1990(O) ,(O) the(O) year(O) before(O) independence(O) .(O)"
1680,"['""' 'If' 'they' ""'re"" 'saying' 'at' 'least' '20' 'percent' ',' 'then'
 'their' 'internal' 'forecasts' 'are' 'probably' 'saying' '25' 'or' '30'
 'percent' ',' '""' 'said' 'one' 'Sydney' 'media' 'analyst' 'who'
 'declined' 'to' 'be' 'named' '.']","['O', 'O', 'O', 'O', 'O', 'O', 'O', 'O', 'O', 'O', 'O', 'O', 'O', 'O', 'O', 'O', 'O', 'O', 'O', 'O', 'O', 'O', 'O', 'O', 'O', 'B-Location', 'O', 'O', 'O', 'O', 'O', 'O', 'O', 'O']",""" If they 're saying at least 20 percent , then their internal forecasts are probably saying 25 or 30 percent , "" said one Sydney media analyst who declined to be named .","['""(O)', 'If(O)', 'they(O)', ""'re(O)"", 'saying(O)', 'at(O)', 'least(O)', '20(O)', 'percent(O)', ',(O)', 'then(O)', 'their(O)', 'internal(O)', 'forecasts(O)', 'are(O)', 'probably(O)', 'saying(O)', '25(O)', 'or(O)', '30(O)', 'percent(O)', ',(O)', '""(O)', 'said(O)', 'one(O)', 'Sydney(B-Location)', 'media(O)', 'analyst(O)', 'who(O)', 'declined(O)', 'to(O)', 'be(O)', 'named(O)', '.(O)']","""(O) If(O) they(O) 're(O) saying(O) at(O) least(O) 20(O) percent(O) ,(O) then(O) their(O) internal(O) forecasts(O) are(O) probably(O) saying(O) 25(O) or(O) 30(O) percent(O) ,(O) ""(O) said(O) one(O) Sydney(B-Location) media(O) analyst(O) who(O) declined(O) to(O) be(O) named(O) .(O)","Input: "" If they 're saying at least 20 percent , then their internal forecasts are probably saying 25 or 30 percent , "" said one Sydney media analyst who declined to be named .
Output: ""(O) If(O) they(O) 're(O) saying(O) at(O) least(O) 20(O) percent(O) ,(O) then(O) their(O) internal(O) forecasts(O) are(O) probably(O) saying(O) 25(O) or(O) 30(O) percent(O) ,(O) ""(O) said(O) one(O) Sydney(B-Location) media(O) analyst(O) who(O) declined(O) to(O) be(O) named(O) .(O)"
7742,['--' 'Karachi' 'newsroom' '9221-5685192'],"['O', 'B-Location', 'O', 'O']",-- Karachi newsroom 9221-5685192,"['--(O)', 'Karachi(B-Location)', 'newsroom(O)', '9221-5685192(O)']",--(O) Karachi(B-Location) newsroom(O) 9221-5685192(O),"Input: -- Karachi newsroom 9221-5685192
Output: --(O) Karachi(B-Location) newsroom(O) 9221-5685192(O)"
6869,['SEOUL' '1996-08-26'],"['B-Location', 'O']",SEOUL 1996-08-26,"['SEOUL(B-Location)', '1996-08-26(O)']",SEOUL(B-Location) 1996-08-26(O),"Input: SEOUL 1996-08-26
Output: SEOUL(B-Location) 1996-08-26(O)"
4368,"['""' 'But' 'we' 'must' 'avoid' 'giving' 'the' 'impression' 'this' 'peace'
 'deployment' 'in' 'former' 'Yugoslavia' 'is' 'being' 'perceived' 'in'
 'the' 'long' 'run' 'as' 'an' 'occupation' '.']","['O', 'O', 'O', 'O', 'O', 'O', 'O', 'O', 'O', 'O', 'O', 'O', 'O', 'B-Location', 'O', 'O', 'O', 'O', 'O', 'O', 'O', 'O', 'O', 'O', 'O']",""" But we must avoid giving the impression this peace deployment in former Yugoslavia is being perceived in the long run as an occupation .","['""(O)', 'But(O)', 'we(O)', 'must(O)', 'avoid(O)', 'giving(O)', 'the(O)', 'impression(O)', 'this(O)', 'peace(O)', 'deployment(O)', 'in(O)', 'former(O)', 'Yugoslavia(B-Location)', 'is(O)', 'being(O)', 'perceived(O)', 'in(O)', 'the(O)', 'long(O)', 'run(O)', 'as(O)', 'an(O)', 'occupation(O)', '.(O)']","""(O) But(O) we(O) must(O) avoid(O) giving(O) the(O) impression(O) this(O) peace(O) deployment(O) in(O) former(O) Yugoslavia(B-Location) is(O) being(O) perceived(O) in(O) the(O) long(O) run(O) as(O) an(O) occupation(O) .(O)","Input: "" But we must avoid giving the impression this peace deployment in former Yugoslavia is being perceived in the long run as an occupation .
Output: ""(O) But(O) we(O) must(O) avoid(O) giving(O) the(O) impression(O) this(O) peace(O) deployment(O) in(O) former(O) Yugoslavia(B-Location) is(O) being(O) perceived(O) in(O) the(O) long(O) run(O) as(O) an(O) occupation(O) .(O)"
8331,['Ealham' '37' '8' '81' '1' '81.00'],"['B-Person', 'O', 'O', 'O', 'O', 'O']",Ealham 37 8 81 1 81.00,"['Ealham(B-Person)', '37(O)', '8(O)', '81(O)', '1(O)', '81.00(O)']",Ealham(B-Person) 37(O) 8(O) 81(O) 1(O) 81.00(O),"Input: Ealham 37 8 81 1 81.00
Output: Ealham(B-Person) 37(O) 8(O) 81(O) 1(O) 81.00(O)"
3184,"['He' 'appeared' 'to' 'have' 'been' 'killed' 'on' 'Tuesday' 'night' ','
 'suffering' 'at' 'least' 'eight' 'stab' 'wounds' '.']","['O', 'O', 'O', 'O', 'O', 'O', 'O', 'O', 'O', 'O', 'O', 'O', 'O', 'O', 'O', 'O', 'O']","He appeared to have been killed on Tuesday night , suffering at least eight stab wounds .","['He(O)', 'appeared(O)', 'to(O)', 'have(O)', 'been(O)', 'killed(O)', 'on(O)', 'Tuesday(O)', 'night(O)', ',(O)', 'suffering(O)', 'at(O)', 'least(O)', 'eight(O)', 'stab(O)', 'wounds(O)', '.(O)']","He(O) appeared(O) to(O) have(O) been(O) killed(O) on(O) Tuesday(O) night(O) ,(O) suffering(O) at(O) least(O) eight(O) stab(O) wounds(O) .(O)","Input: He appeared to have been killed on Tuesday night , suffering at least eight stab wounds .
Output: He(O) appeared(O) to(O) have(O) been(O) killed(O) on(O) Tuesday(O) night(O) ,(O) suffering(O) at(O) least(O) eight(O) stab(O) wounds(O) .(O)"
5884,['Played' 'Sunday' ':'],"['O', 'O', 'O']",Played Sunday :,"['Played(O)', 'Sunday(O)', ':(O)']",Played(O) Sunday(O) :(O),"Input: Played Sunday :
Output: Played(O) Sunday(O) :(O)"
11421,"['MOODY' ""'S"" ':' 'Aa' 'S&P' ':' 'AA+']","['B-Organization', 'I-Organization', 'O', 'O', 'B-Organization', 'O', 'O']",MOODY 'S : Aa S&P : AA+,"['MOODY(B-Organization)', ""'S(I-Organization)"", ':(O)', 'Aa(O)', 'S&P(B-Organization)', ':(O)', 'AA+(O)']",MOODY(B-Organization) 'S(I-Organization) :(O) Aa(O) S&P(B-Organization) :(O) AA+(O),"Input: MOODY 'S : Aa S&P : AA+
Output: MOODY(B-Organization) 'S(I-Organization) :(O) Aa(O) S&P(B-Organization) :(O) AA+(O)"
9512,"['Indian' 'soybean' 'prices' 'on' 'Tuesday' 'remained' 'steady' 'at'
 '12,900-13,100' 'rupees' 'per' 'tonne' 'in' 'plant' 'delivery'
 'condition' ',' 'dealers' 'said']","['B-Miscellaneous', 'O', 'O', 'O', 'O', 'O', 'O', 'O', 'O', 'O', 'O', 'O', 'O', 'O', 'O', 'O', 'O', 'O', 'O']","Indian soybean prices on Tuesday remained steady at 12,900-13,100 rupees per tonne in plant delivery condition , dealers said","['Indian(B-Miscellaneous)', 'soybean(O)', 'prices(O)', 'on(O)', 'Tuesday(O)', 'remained(O)', 'steady(O)', 'at(O)', '12,900-13,100(O)', 'rupees(O)', 'per(O)', 'tonne(O)', 'in(O)', 'plant(O)', 'delivery(O)', 'condition(O)', ',(O)', 'dealers(O)', 'said(O)']","Indian(B-Miscellaneous) soybean(O) prices(O) on(O) Tuesday(O) remained(O) steady(O) at(O) 12,900-13,100(O) rupees(O) per(O) tonne(O) in(O) plant(O) delivery(O) condition(O) ,(O) dealers(O) said(O)","Input: Indian soybean prices on Tuesday remained steady at 12,900-13,100 rupees per tonne in plant delivery condition , dealers said
Output: Indian(B-Miscellaneous) soybean(O) prices(O) on(O) Tuesday(O) remained(O) steady(O) at(O) 12,900-13,100(O) rupees(O) per(O) tonne(O) in(O) plant(O) delivery(O) condition(O) ,(O) dealers(O) said(O)"
5065,['tennis' 'tournament' 'on' 'Saturday' '(' 'prefix' 'numbers' 'denotes'],"['O', 'O', 'O', 'O', 'O', 'O', 'O', 'O']",tennis tournament on Saturday ( prefix numbers denotes,"['tennis(O)', 'tournament(O)', 'on(O)', 'Saturday(O)', '((O)', 'prefix(O)', 'numbers(O)', 'denotes(O)']",tennis(O) tournament(O) on(O) Saturday(O) ((O) prefix(O) numbers(O) denotes(O),"Input: tennis tournament on Saturday ( prefix numbers denotes
Output: tennis(O) tournament(O) on(O) Saturday(O) ((O) prefix(O) numbers(O) denotes(O)"
12560,['CINCINNATI' 'AT' 'COLORADO'],"['B-Organization', 'O', 'B-Location']",CINCINNATI AT COLORADO,"['CINCINNATI(B-Organization)', 'AT(O)', 'COLORADO(B-Location)']",CINCINNATI(B-Organization) AT(O) COLORADO(B-Location),"Input: CINCINNATI AT COLORADO
Output: CINCINNATI(B-Organization) AT(O) COLORADO(B-Location)"
11423,['06/01' '12/01'],"['O', 'O']",06/01 12/01,"['06/01(O)', '12/01(O)']",06/01(O) 12/01(O),"Input: 06/01 12/01
Output: 06/01(O) 12/01(O)"
11186,"['--' 'Julie' 'Tolkacheva' ',' 'Moscow' 'Newsroom' ',' '+7095' '941'
 '8520']","['O', 'B-Person', 'I-Person', 'O', 'B-Organization', 'I-Organization', 'O', 'O', 'O', 'O']","-- Julie Tolkacheva , Moscow Newsroom , +7095 941 8520","['--(O)', 'Julie(B-Person)', 'Tolkacheva(I-Person)', ',(O)', 'Moscow(B-Organization)', 'Newsroom(I-Organization)', ',(O)', '+7095(O)', '941(O)', '8520(O)']","--(O) Julie(B-Person) Tolkacheva(I-Person) ,(O) Moscow(B-Organization) Newsroom(I-Organization) ,(O) +7095(O) 941(O) 8520(O)","Input: -- Julie Tolkacheva , Moscow Newsroom , +7095 941 8520
Output: --(O) Julie(B-Person) Tolkacheva(I-Person) ,(O) Moscow(B-Organization) Newsroom(I-Organization) ,(O) +7095(O) 941(O) 8520(O)"
5700,['Ekeren' '4' '1' '1' '2' '6' '8' '4'],"['B-Organization', 'O', 'O', 'O', 'O', 'O', 'O', 'O']",Ekeren 4 1 1 2 6 8 4,"['Ekeren(B-Organization)', '4(O)', '1(O)', '1(O)', '2(O)', '6(O)', '8(O)', '4(O)']",Ekeren(B-Organization) 4(O) 1(O) 1(O) 2(O) 6(O) 8(O) 4(O),"Input: Ekeren 4 1 1 2 6 8 4
Output: Ekeren(B-Organization) 4(O) 1(O) 1(O) 2(O) 6(O) 8(O) 4(O)"
13327,['tax' 'provision'],"['O', 'O']",tax provision,"['tax(O)', 'provision(O)']",tax(O) provision(O),"Input: tax provision
Output: tax(O) provision(O)"
3003,['SOLIDERE' 'shares' 'mixed' 'on' 'market' '.'],"['B-Organization', 'O', 'O', 'O', 'O', 'O']",SOLIDERE shares mixed on market .,"['SOLIDERE(B-Organization)', 'shares(O)', 'mixed(O)', 'on(O)', 'market(O)', '.(O)']",SOLIDERE(B-Organization) shares(O) mixed(O) on(O) market(O) .(O),"Input: SOLIDERE shares mixed on market .
Output: SOLIDERE(B-Organization) shares(O) mixed(O) on(O) market(O) .(O)"
1908,['GLASGOW' '1996-08-23'],"['B-Location', 'O']",GLASGOW 1996-08-23,"['GLASGOW(B-Location)', '1996-08-23(O)']",GLASGOW(B-Location) 1996-08-23(O),"Input: GLASGOW 1996-08-23
Output: GLASGOW(B-Location) 1996-08-23(O)"
8162,"['RUGBY' 'UNION' '-' 'GRIQUALAND' 'WEST' 'AND' 'NEW' 'ZEALAND' 'DRAW' 'IN'
 'TOUR' 'MATCH' '.']","['B-Organization', 'I-Organization', 'O', 'B-Location', 'I-Location', 'O', 'B-Location', 'I-Location', 'O', 'O', 'B-Miscellaneous', 'O', 'O']",RUGBY UNION - GRIQUALAND WEST AND NEW ZEALAND DRAW IN TOUR MATCH .,"['RUGBY(B-Organization)', 'UNION(I-Organization)', '-(O)', 'GRIQUALAND(B-Location)', 'WEST(I-Location)', 'AND(O)', 'NEW(B-Location)', 'ZEALAND(I-Location)', 'DRAW(O)', 'IN(O)', 'TOUR(B-Miscellaneous)', 'MATCH(O)', '.(O)']",RUGBY(B-Organization) UNION(I-Organization) -(O) GRIQUALAND(B-Location) WEST(I-Location) AND(O) NEW(B-Location) ZEALAND(I-Location) DRAW(O) IN(O) TOUR(B-Miscellaneous) MATCH(O) .(O),"Input: RUGBY UNION - GRIQUALAND WEST AND NEW ZEALAND DRAW IN TOUR MATCH .
Output: RUGBY(B-Organization) UNION(I-Organization) -(O) GRIQUALAND(B-Location) WEST(I-Location) AND(O) NEW(B-Location) ZEALAND(I-Location) DRAW(O) IN(O) TOUR(B-Miscellaneous) MATCH(O) .(O)"
1623,"['""' 'It' 'gives' 'me' 'great' 'joy' 'and' 'fulfilment' 'to' 'love' 'and'
 'care' 'for' 'the' 'poor' 'and' 'neglected' ',' '""' 'she' 'said' '.' '""']","['O', 'O', 'O', 'O', 'O', 'O', 'O', 'O', 'O', 'O', 'O', 'O', 'O', 'O', 'O', 'O', 'O', 'O', 'O', 'O', 'O', 'O', 'O']",""" It gives me great joy and fulfilment to love and care for the poor and neglected , "" she said . ""","['""(O)', 'It(O)', 'gives(O)', 'me(O)', 'great(O)', 'joy(O)', 'and(O)', 'fulfilment(O)', 'to(O)', 'love(O)', 'and(O)', 'care(O)', 'for(O)', 'the(O)', 'poor(O)', 'and(O)', 'neglected(O)', ',(O)', '""(O)', 'she(O)', 'said(O)', '.(O)', '""(O)']","""(O) It(O) gives(O) me(O) great(O) joy(O) and(O) fulfilment(O) to(O) love(O) and(O) care(O) for(O) the(O) poor(O) and(O) neglected(O) ,(O) ""(O) she(O) said(O) .(O) ""(O)","Input: "" It gives me great joy and fulfilment to love and care for the poor and neglected , "" she said . ""
Output: ""(O) It(O) gives(O) me(O) great(O) joy(O) and(O) fulfilment(O) to(O) love(O) and(O) care(O) for(O) the(O) poor(O) and(O) neglected(O) ,(O) ""(O) she(O) said(O) .(O) ""(O)"
11988,"['""' 'I' 'would' 'like' 'to' 'inform' 'you' 'about' 'my' 'decision' 'to'
 'break' 'away' 'from' 'Pol' 'Pot' ',' 'Ta' 'Mok' ',' 'Son' 'Sen' ""'s""
 'dictatorial' 'group' ',' '""' 'he' 'said' 'in' 'a' 'copy' 'of' 'the'
 'statement' 'obtained' 'by' 'Reuters' '.']","['O', 'O', 'O', 'O', 'O', 'O', 'O', 'O', 'O', 'O', 'O', 'O', 'O', 'O', 'B-Person', 'I-Person', 'O', 'B-Person', 'I-Person', 'O', 'B-Location', 'I-Location', 'O', 'O', 'O', 'O', 'O', 'O', 'O', 'O', 'O', 'O', 'O', 'O', 'O', 'O', 'O', 'B-Organization', 'O']",""" I would like to inform you about my decision to break away from Pol Pot , Ta Mok , Son Sen 's dictatorial group , "" he said in a copy of the statement obtained by Reuters .","['""(O)', 'I(O)', 'would(O)', 'like(O)', 'to(O)', 'inform(O)', 'you(O)', 'about(O)', 'my(O)', 'decision(O)', 'to(O)', 'break(O)', 'away(O)', 'from(O)', 'Pol(B-Person)', 'Pot(I-Person)', ',(O)', 'Ta(B-Person)', 'Mok(I-Person)', ',(O)', 'Son(B-Location)', 'Sen(I-Location)', ""'s(O)"", 'dictatorial(O)', 'group(O)', ',(O)', '""(O)', 'he(O)', 'said(O)', 'in(O)', 'a(O)', 'copy(O)', 'of(O)', 'the(O)', 'statement(O)', 'obtained(O)', 'by(O)', 'Reuters(B-Organization)', '.(O)']","""(O) I(O) would(O) like(O) to(O) inform(O) you(O) about(O) my(O) decision(O) to(O) break(O) away(O) from(O) Pol(B-Person) Pot(I-Person) ,(O) Ta(B-Person) Mok(I-Person) ,(O) Son(B-Location) Sen(I-Location) 's(O) dictatorial(O) group(O) ,(O) ""(O) he(O) said(O) in(O) a(O) copy(O) of(O) the(O) statement(O) obtained(O) by(O) Reuters(B-Organization) .(O)","Input: "" I would like to inform you about my decision to break away from Pol Pot , Ta Mok , Son Sen 's dictatorial group , "" he said in a copy of the statement obtained by Reuters .
Output: ""(O) I(O) would(O) like(O) to(O) inform(O) you(O) about(O) my(O) decision(O) to(O) break(O) away(O) from(O) Pol(B-Person) Pot(I-Person) ,(O) Ta(B-Person) Mok(I-Person) ,(O) Son(B-Location) Sen(I-Location) 's(O) dictatorial(O) group(O) ,(O) ""(O) he(O) said(O) in(O) a(O) copy(O) of(O) the(O) statement(O) obtained(O) by(O) Reuters(B-Organization) .(O)"
6929,"['What' ""'s"" 'the' 'message' 'here' '?' '""']","['O', 'O', 'O', 'O', 'O', 'O', 'O']","What 's the message here ? ""","['What(O)', ""'s(O)"", 'the(O)', 'message(O)', 'here(O)', '?(O)', '""(O)']","What(O) 's(O) the(O) message(O) here(O) ?(O) ""(O)","Input: What 's the message here ? ""
Output: What(O) 's(O) the(O) message(O) here(O) ?(O) ""(O)"
11894,['Leading' 'stories' 'in' 'the' 'Greek' 'financial' 'press' ':'],"['O', 'O', 'O', 'O', 'B-Miscellaneous', 'O', 'O', 'O']",Leading stories in the Greek financial press :,"['Leading(O)', 'stories(O)', 'in(O)', 'the(O)', 'Greek(B-Miscellaneous)', 'financial(O)', 'press(O)', ':(O)']",Leading(O) stories(O) in(O) the(O) Greek(B-Miscellaneous) financial(O) press(O) :(O),"Input: Leading stories in the Greek financial press :
Output: Leading(O) stories(O) in(O) the(O) Greek(B-Miscellaneous) financial(O) press(O) :(O)"
9912,"['It' 'noted' 'that' 'customers' 'whose' 'orders' 'were' 'not' 'displayed'
 'lost' 'the' 'chance' 'of' 'getting' 'the' 'best' 'possible' 'price'
 'available' 'in' 'the' 'market' '.']","['O', 'O', 'O', 'O', 'O', 'O', 'O', 'O', 'O', 'O', 'O', 'O', 'O', 'O', 'O', 'O', 'O', 'O', 'O', 'O', 'O', 'O', 'O']",It noted that customers whose orders were not displayed lost the chance of getting the best possible price available in the market .,"['It(O)', 'noted(O)', 'that(O)', 'customers(O)', 'whose(O)', 'orders(O)', 'were(O)', 'not(O)', 'displayed(O)', 'lost(O)', 'the(O)', 'chance(O)', 'of(O)', 'getting(O)', 'the(O)', 'best(O)', 'possible(O)', 'price(O)', 'available(O)', 'in(O)', 'the(O)', 'market(O)', '.(O)']",It(O) noted(O) that(O) customers(O) whose(O) orders(O) were(O) not(O) displayed(O) lost(O) the(O) chance(O) of(O) getting(O) the(O) best(O) possible(O) price(O) available(O) in(O) the(O) market(O) .(O),"Input: It noted that customers whose orders were not displayed lost the chance of getting the best possible price available in the market .
Output: It(O) noted(O) that(O) customers(O) whose(O) orders(O) were(O) not(O) displayed(O) lost(O) the(O) chance(O) of(O) getting(O) the(O) best(O) possible(O) price(O) available(O) in(O) the(O) market(O) .(O)"
12621,['Now' 'she' 'feels' 'she' 'is' 'in' 'the' 'swing' 'of' 'things' '.'],"['O', 'O', 'O', 'O', 'O', 'O', 'O', 'O', 'O', 'O', 'O']",Now she feels she is in the swing of things .,"['Now(O)', 'she(O)', 'feels(O)', 'she(O)', 'is(O)', 'in(O)', 'the(O)', 'swing(O)', 'of(O)', 'things(O)', '.(O)']",Now(O) she(O) feels(O) she(O) is(O) in(O) the(O) swing(O) of(O) things(O) .(O),"Input: Now she feels she is in the swing of things .
Output: Now(O) she(O) feels(O) she(O) is(O) in(O) the(O) swing(O) of(O) things(O) .(O)"
10913,"['A' 'third' 'well' 'drilled' 'in' 'this' 'area' ',' 'the' 'Trax' 'et'
 'al' 'Morinville' '2-25' ',' 'encountered' 'the' 'Leduc' 'Reef' 'but'
 'tested' 'wet' '.']","['O', 'O', 'O', 'O', 'O', 'O', 'O', 'O', 'O', 'B-Miscellaneous', 'I-Miscellaneous', 'I-Miscellaneous', 'I-Miscellaneous', 'I-Miscellaneous', 'O', 'O', 'O', 'B-Location', 'I-Location', 'O', 'O', 'O', 'O']","A third well drilled in this area , the Trax et al Morinville 2-25 , encountered the Leduc Reef but tested wet .","['A(O)', 'third(O)', 'well(O)', 'drilled(O)', 'in(O)', 'this(O)', 'area(O)', ',(O)', 'the(O)', 'Trax(B-Miscellaneous)', 'et(I-Miscellaneous)', 'al(I-Miscellaneous)', 'Morinville(I-Miscellaneous)', '2-25(I-Miscellaneous)', ',(O)', 'encountered(O)', 'the(O)', 'Leduc(B-Location)', 'Reef(I-Location)', 'but(O)', 'tested(O)', 'wet(O)', '.(O)']","A(O) third(O) well(O) drilled(O) in(O) this(O) area(O) ,(O) the(O) Trax(B-Miscellaneous) et(I-Miscellaneous) al(I-Miscellaneous) Morinville(I-Miscellaneous) 2-25(I-Miscellaneous) ,(O) encountered(O) the(O) Leduc(B-Location) Reef(I-Location) but(O) tested(O) wet(O) .(O)","Input: A third well drilled in this area , the Trax et al Morinville 2-25 , encountered the Leduc Reef but tested wet .
Output: A(O) third(O) well(O) drilled(O) in(O) this(O) area(O) ,(O) the(O) Trax(B-Miscellaneous) et(I-Miscellaneous) al(I-Miscellaneous) Morinville(I-Miscellaneous) 2-25(I-Miscellaneous) ,(O) encountered(O) the(O) Leduc(B-Location) Reef(I-Location) but(O) tested(O) wet(O) .(O)"
8178,"['Ball' ',' 'appointed' 'in' 'July' '1995' ',' 'was' 'unable' 'to'
 'prevent' 'City' 'being' 'relegated' 'from' 'the' 'premier' 'league'
 'last' 'season' 'and' 'his' 'record' 'read' '13' 'wins' ',' '14' 'draws'
 'and' '22' 'losses' 'in' '49' 'games' '.']","['B-Person', 'O', 'O', 'O', 'O', 'O', 'O', 'O', 'O', 'O', 'O', 'B-Organization', 'O', 'O', 'O', 'O', 'O', 'O', 'O', 'O', 'O', 'O', 'O', 'O', 'O', 'O', 'O', 'O', 'O', 'O', 'O', 'O', 'O', 'O', 'O', 'O']","Ball , appointed in July 1995 , was unable to prevent City being relegated from the premier league last season and his record read 13 wins , 14 draws and 22 losses in 49 games .","['Ball(B-Person)', ',(O)', 'appointed(O)', 'in(O)', 'July(O)', '1995(O)', ',(O)', 'was(O)', 'unable(O)', 'to(O)', 'prevent(O)', 'City(B-Organization)', 'being(O)', 'relegated(O)', 'from(O)', 'the(O)', 'premier(O)', 'league(O)', 'last(O)', 'season(O)', 'and(O)', 'his(O)', 'record(O)', 'read(O)', '13(O)', 'wins(O)', ',(O)', '14(O)', 'draws(O)', 'and(O)', '22(O)', 'losses(O)', 'in(O)', '49(O)', 'games(O)', '.(O)']","Ball(B-Person) ,(O) appointed(O) in(O) July(O) 1995(O) ,(O) was(O) unable(O) to(O) prevent(O) City(B-Organization) being(O) relegated(O) from(O) the(O) premier(O) league(O) last(O) season(O) and(O) his(O) record(O) read(O) 13(O) wins(O) ,(O) 14(O) draws(O) and(O) 22(O) losses(O) in(O) 49(O) games(O) .(O)","Input: Ball , appointed in July 1995 , was unable to prevent City being relegated from the premier league last season and his record read 13 wins , 14 draws and 22 losses in 49 games .
Output: Ball(B-Person) ,(O) appointed(O) in(O) July(O) 1995(O) ,(O) was(O) unable(O) to(O) prevent(O) City(B-Organization) being(O) relegated(O) from(O) the(O) premier(O) league(O) last(O) season(O) and(O) his(O) record(O) read(O) 13(O) wins(O) ,(O) 14(O) draws(O) and(O) 22(O) losses(O) in(O) 49(O) games(O) .(O)"
10934,"['Avonex' '""' 'has' 'been' 'allowed' 'to' 'enter' 'the' 'market' 'because'
 'it' 'differs' 'from' 'interferon' 'beta-1b' '(' 'Betaseron' ')' '..']","['B-Miscellaneous', 'O', 'O', 'O', 'O', 'O', 'O', 'O', 'O', 'O', 'O', 'O', 'O', 'O', 'O', 'O', 'B-Miscellaneous', 'O', 'O']","Avonex "" has been allowed to enter the market because it differs from interferon beta-1b ( Betaseron ) ..","['Avonex(B-Miscellaneous)', '""(O)', 'has(O)', 'been(O)', 'allowed(O)', 'to(O)', 'enter(O)', 'the(O)', 'market(O)', 'because(O)', 'it(O)', 'differs(O)', 'from(O)', 'interferon(O)', 'beta-1b(O)', '((O)', 'Betaseron(B-Miscellaneous)', ')(O)', '..(O)']","Avonex(B-Miscellaneous) ""(O) has(O) been(O) allowed(O) to(O) enter(O) the(O) market(O) because(O) it(O) differs(O) from(O) interferon(O) beta-1b(O) ((O) Betaseron(B-Miscellaneous) )(O) ..(O)","Input: Avonex "" has been allowed to enter the market because it differs from interferon beta-1b ( Betaseron ) ..
Output: Avonex(B-Miscellaneous) ""(O) has(O) been(O) allowed(O) to(O) enter(O) the(O) market(O) because(O) it(O) differs(O) from(O) interferon(O) beta-1b(O) ((O) Betaseron(B-Miscellaneous) )(O) ..(O)"
12824,"['""' 'We' 'discussed' 'the' 'decision' 'to' 'postpone' 'the' 'municipal'
 'elections' 'and' 'I' 'made' 'clear' 'it' 'was' 'primarily' 'the'
 'manipulation' 'of' 'voter' 'registration' 'by' 'the' 'Republika'
 'Srpska' '(' 'Bosnian' 'Serb' 'republic' ')' 'which' 'led' 'to' 'this'
 'development' ',' '""' 'Kornblum' 'said' 'after' 'three' 'hours' 'of'
 'talks' '.']","['O', 'O', 'O', 'O', 'O', 'O', 'O', 'O', 'O', 'O', 'O', 'O', 'O', 'O', 'O', 'O', 'O', 'O', 'O', 'O', 'O', 'O', 'O', 'O', 'B-Location', 'I-Location', 'O', 'B-Miscellaneous', 'I-Miscellaneous', 'O', 'O', 'O', 'O', 'O', 'O', 'O', 'O', 'O', 'B-Person', 'O', 'O', 'O', 'O', 'O', 'O', 'O']",""" We discussed the decision to postpone the municipal elections and I made clear it was primarily the manipulation of voter registration by the Republika Srpska ( Bosnian Serb republic ) which led to this development , "" Kornblum said after three hours of talks .","['""(O)', 'We(O)', 'discussed(O)', 'the(O)', 'decision(O)', 'to(O)', 'postpone(O)', 'the(O)', 'municipal(O)', 'elections(O)', 'and(O)', 'I(O)', 'made(O)', 'clear(O)', 'it(O)', 'was(O)', 'primarily(O)', 'the(O)', 'manipulation(O)', 'of(O)', 'voter(O)', 'registration(O)', 'by(O)', 'the(O)', 'Republika(B-Location)', 'Srpska(I-Location)', '((O)', 'Bosnian(B-Miscellaneous)', 'Serb(I-Miscellaneous)', 'republic(O)', ')(O)', 'which(O)', 'led(O)', 'to(O)', 'this(O)', 'development(O)', ',(O)', '""(O)', 'Kornblum(B-Person)', 'said(O)', 'after(O)', 'three(O)', 'hours(O)', 'of(O)', 'talks(O)', '.(O)']","""(O) We(O) discussed(O) the(O) decision(O) to(O) postpone(O) the(O) municipal(O) elections(O) and(O) I(O) made(O) clear(O) it(O) was(O) primarily(O) the(O) manipulation(O) of(O) voter(O) registration(O) by(O) the(O) Republika(B-Location) Srpska(I-Location) ((O) Bosnian(B-Miscellaneous) Serb(I-Miscellaneous) republic(O) )(O) which(O) led(O) to(O) this(O) development(O) ,(O) ""(O) Kornblum(B-Person) said(O) after(O) three(O) hours(O) of(O) talks(O) .(O)","Input: "" We discussed the decision to postpone the municipal elections and I made clear it was primarily the manipulation of voter registration by the Republika Srpska ( Bosnian Serb republic ) which led to this development , "" Kornblum said after three hours of talks .
Output: ""(O) We(O) discussed(O) the(O) decision(O) to(O) postpone(O) the(O) municipal(O) elections(O) and(O) I(O) made(O) clear(O) it(O) was(O) primarily(O) the(O) manipulation(O) of(O) voter(O) registration(O) by(O) the(O) Republika(B-Location) Srpska(I-Location) ((O) Bosnian(B-Miscellaneous) Serb(I-Miscellaneous) republic(O) )(O) which(O) led(O) to(O) this(O) development(O) ,(O) ""(O) Kornblum(B-Person) said(O) after(O) three(O) hours(O) of(O) talks(O) .(O)"
13081,"['The' 'help-wanted' 'advertising' 'index' 'fell' 'in' 'July' ',' 'the'
 'Conference' 'Board' 'said' 'Thursday' ',' 'reflecting' 'the' 'uneven'
 'nature' 'of' 'the' 'nation' ""'s"" 'labour' 'markets' '.']","['O', 'O', 'O', 'O', 'O', 'O', 'O', 'O', 'O', 'B-Organization', 'I-Organization', 'O', 'O', 'O', 'O', 'O', 'O', 'O', 'O', 'O', 'O', 'O', 'O', 'O', 'O']","The help-wanted advertising index fell in July , the Conference Board said Thursday , reflecting the uneven nature of the nation 's labour markets .","['The(O)', 'help-wanted(O)', 'advertising(O)', 'index(O)', 'fell(O)', 'in(O)', 'July(O)', ',(O)', 'the(O)', 'Conference(B-Organization)', 'Board(I-Organization)', 'said(O)', 'Thursday(O)', ',(O)', 'reflecting(O)', 'the(O)', 'uneven(O)', 'nature(O)', 'of(O)', 'the(O)', 'nation(O)', ""'s(O)"", 'labour(O)', 'markets(O)', '.(O)']","The(O) help-wanted(O) advertising(O) index(O) fell(O) in(O) July(O) ,(O) the(O) Conference(B-Organization) Board(I-Organization) said(O) Thursday(O) ,(O) reflecting(O) the(O) uneven(O) nature(O) of(O) the(O) nation(O) 's(O) labour(O) markets(O) .(O)","Input: The help-wanted advertising index fell in July , the Conference Board said Thursday , reflecting the uneven nature of the nation 's labour markets .
Output: The(O) help-wanted(O) advertising(O) index(O) fell(O) in(O) July(O) ,(O) the(O) Conference(B-Organization) Board(I-Organization) said(O) Thursday(O) ,(O) reflecting(O) the(O) uneven(O) nature(O) of(O) the(O) nation(O) 's(O) labour(O) markets(O) .(O)"
11642,"['Faster' 'economic' 'growth' 'is' 'a' 'major' 'component' 'of' 'ND' ""'s""
 'economic' 'programme' 'and' 'Evert' 'has' 'repeatedly' 'blamed' 'the'
 'socialists' 'for' 'the' 'slow' 'economic' 'growth' '.']","['O', 'O', 'O', 'O', 'O', 'O', 'O', 'O', 'B-Organization', 'O', 'O', 'O', 'O', 'B-Person', 'O', 'O', 'O', 'O', 'O', 'O', 'O', 'O', 'O', 'O', 'O']",Faster economic growth is a major component of ND 's economic programme and Evert has repeatedly blamed the socialists for the slow economic growth .,"['Faster(O)', 'economic(O)', 'growth(O)', 'is(O)', 'a(O)', 'major(O)', 'component(O)', 'of(O)', 'ND(B-Organization)', ""'s(O)"", 'economic(O)', 'programme(O)', 'and(O)', 'Evert(B-Person)', 'has(O)', 'repeatedly(O)', 'blamed(O)', 'the(O)', 'socialists(O)', 'for(O)', 'the(O)', 'slow(O)', 'economic(O)', 'growth(O)', '.(O)']",Faster(O) economic(O) growth(O) is(O) a(O) major(O) component(O) of(O) ND(B-Organization) 's(O) economic(O) programme(O) and(O) Evert(B-Person) has(O) repeatedly(O) blamed(O) the(O) socialists(O) for(O) the(O) slow(O) economic(O) growth(O) .(O),"Input: Faster economic growth is a major component of ND 's economic programme and Evert has repeatedly blamed the socialists for the slow economic growth .
Output: Faster(O) economic(O) growth(O) is(O) a(O) major(O) component(O) of(O) ND(B-Organization) 's(O) economic(O) programme(O) and(O) Evert(B-Person) has(O) repeatedly(O) blamed(O) the(O) socialists(O) for(O) the(O) slow(O) economic(O) growth(O) .(O)"
946,['The' 'UEFA' 'Fair' 'Play' 'rankings' 'are' ':' '1' '.'],"['O', 'B-Miscellaneous', 'I-Miscellaneous', 'I-Miscellaneous', 'O', 'O', 'O', 'O', 'O']",The UEFA Fair Play rankings are : 1 .,"['The(O)', 'UEFA(B-Miscellaneous)', 'Fair(I-Miscellaneous)', 'Play(I-Miscellaneous)', 'rankings(O)', 'are(O)', ':(O)', '1(O)', '.(O)']",The(O) UEFA(B-Miscellaneous) Fair(I-Miscellaneous) Play(I-Miscellaneous) rankings(O) are(O) :(O) 1(O) .(O),"Input: The UEFA Fair Play rankings are : 1 .
Output: The(O) UEFA(B-Miscellaneous) Fair(I-Miscellaneous) Play(I-Miscellaneous) rankings(O) are(O) :(O) 1(O) .(O)"
4820,['1.' 'Takuma' 'Aoki' '(' 'Japan' ')' 'Honda' '38:18.759'],"['O', 'B-Person', 'I-Person', 'O', 'B-Location', 'O', 'B-Organization', 'O']",1. Takuma Aoki ( Japan ) Honda 38:18.759,"['1.(O)', 'Takuma(B-Person)', 'Aoki(I-Person)', '((O)', 'Japan(B-Location)', ')(O)', 'Honda(B-Organization)', '38:18.759(O)']",1.(O) Takuma(B-Person) Aoki(I-Person) ((O) Japan(B-Location) )(O) Honda(B-Organization) 38:18.759(O),"Input: 1. Takuma Aoki ( Japan ) Honda 38:18.759
Output: 1.(O) Takuma(B-Person) Aoki(I-Person) ((O) Japan(B-Location) )(O) Honda(B-Organization) 38:18.759(O)"
